{"cameraMode":{"drawMode":0,"name":"Shaded","section":"Shading Mode"},"sceneLighting":false,"audioPlay":false,"sceneViewState":{"showFog":true,"showMaterialUpdate":false,"showSkybox":true,"showFlares":true,"showImageEffects":true,"showParticleSystems":true},"in2DMode":false,"pivot":{"x":-2.111377716064453,"y":-3.517185688018799,"z":-1.778243064880371},"rotation":{"x":0.0018363991985097528,"y":0.9926554560661316,"z":-0.12000567466020584,"w":0.01518932543694973},"size":6.4495463371276859,"orthographic":false}